6,dummy,flow1,flow1lazy,mtz,mtzlazy,dummyBB
data/dummy.tsp,0.010000,0.027000,0.010000,0.042000,0.022000,0.005000
