6,dummy,flow1,flow1lazy,mtz,mtzlazy,dummyBB
data/gr96.tsp,0.117000,51.913000,709.660000,1508.792000,666.078000,3.407000
