3,dummy,flow1,dummyBB
data/att48.tsp,0.094000,13.140000,0.455000
