6,dummy,flow1,flow1lazy,mtz,mtzlazy,dummyBB
data/eil51.tsp,0.111000,3.714000,10.881000,6.756000,3.683000,0.508000
