3,dummy,flow1,dummyBB
data/att48.tsp,0.140000,11.926000,0.580000
