6,dummy,flow1,flow1lazy,mtz,mtzlazy,dummyBB
data/burma14.tsp,0.005000,0.102000,0.045000,0.260000,0.207000,0.011000
data/ulysses22.tsp,0.011000,0.953000,2.444000,490.748000,1800,0.144000
data/fri26.tsp,1800,1800,1800,1800,1800,1800
data/bays29.tsp,0.066000,0.564000,0.465000,2.314000,1.543000,0.246000
data/eil51.tsp,0.086000,4.809000,11.603000,8.409000,4.410000,0.796000
