6,dummy,flow1,flow1lazy,mtz,mtzlazy,dummyBB
data/berlin52.tsp,0.046000,0.693000,0.583000,4.133000,1.925000,0.052000
