4,dummy,flow1,mtz,dummyBB
data/eil51.tsp,0.067000,1.434000,3.908000,0.348000
data/berlin52.tsp,0.117000,0.486000,2.636000,0.045000