6,dummy,flow1,flow1lazy,mtz,mtzlazy,dummyBB
data/burma14.tsp,0.004000,0.078000,0.046000,0.180000,0.102000,0.008000
data/gr17.tsp,1800,1800,1800,1800,1800,1800
data/ulysses22.tsp,0.008000,0.852000