3,dummy,flow1,dummyBB
data/att48.tsp,0.133000,10.947000,0.440000
