4,dummy,flow1,mtz,dummyBB
data/att48.tsp,0.104000,10.494000,462.695000,0.363000
