6,dummy,flow1,flow1lazy,mtz,mtzlazy,dummyBB
data/eil51.tsp,0.079000,2.347000,6.644000,4.749000,2.571000,0.339000
data/eil76.tsp,0.100000,9.915000,4.856000,9.749000,19.714000,0.210000
